iter	Logloss
0	0.4675055243
1	0.4004679225
2	0.3635756471
3	0.3351474553
4	0.3163106826
5	0.3073141047
6	0.2989684645
7	0.2855098585
8	0.2743184888
9	0.2656605248
